Method,Job,AnalyzeLaunchVariance,EvaluateOverhead,MaxAbsoluteError,MaxRelativeError,MinInvokeCount,MinIterationTime,OutlierMode,Affinity,EnvironmentVariables,Jit,Platform,PowerPlanMode,Runtime,AllowVeryLargeObjects,Concurrent,CpuGroups,Force,HeapAffinitizeMask,HeapCount,NoAffinitize,RetainVm,Server,Arguments,BuildConfiguration,Clock,EngineFactory,NuGetReferences,Toolchain,IsMutator,InvocationCount,IterationCount,IterationTime,LaunchCount,MaxIterationCount,MaxWarmupIterationCount,MinIterationCount,MinWarmupIterationCount,RunStrategy,UnrollFactor,WarmupCount,Mean,Error,StdDev,Median
GrpcGetSmallPayloadAsync,DefaultJob,False,Default,Default,Default,Default,Default,Default,111111111111,Empty,RyuJit,X64,8c5e7fda-e8bf-4a96-9a85-a6e23a8c635c,.NET Core 3.1,False,True,False,True,Default,Default,False,False,False,Default,Default,Default,Default,Default,Default,Default,1,Default,Default,Default,Default,Default,Default,Default,Default,16,Default,166.4 ms,1.77 ms,1.74 ms,165.9 ms
Rest2GetSmallPayloadAsync,DefaultJob,False,Default,Default,Default,Default,Default,Default,111111111111,Empty,RyuJit,X64,8c5e7fda-e8bf-4a96-9a85-a6e23a8c635c,.NET Core 3.1,False,True,False,True,Default,Default,False,False,False,Default,Default,Default,Default,Default,Default,Default,1,Default,Default,Default,Default,Default,Default,Default,Default,16,Default,216.1 ms,4.29 ms,7.40 ms,217.1 ms
Rest3GetSmallPayloadAsync,DefaultJob,False,Default,Default,Default,Default,Default,Default,111111111111,Empty,RyuJit,X64,8c5e7fda-e8bf-4a96-9a85-a6e23a8c635c,.NET Core 3.1,False,True,False,True,Default,Default,False,False,False,Default,Default,Default,Default,Default,Default,Default,1,Default,Default,Default,Default,Default,Default,Default,Default,16,Default,155.0 ms,2.87 ms,4.29 ms,154.3 ms
GrpcGetMediumPayloadAsync,DefaultJob,False,Default,Default,Default,Default,Default,Default,111111111111,Empty,RyuJit,X64,8c5e7fda-e8bf-4a96-9a85-a6e23a8c635c,.NET Core 3.1,False,True,False,True,Default,Default,False,False,False,Default,Default,Default,Default,Default,Default,Default,1,Default,Default,Default,Default,Default,Default,Default,Default,16,Default,109.8 ms,0.82 ms,0.73 ms,109.8 ms
Rest2GetMediumPayloadAsync,DefaultJob,False,Default,Default,Default,Default,Default,Default,111111111111,Empty,RyuJit,X64,8c5e7fda-e8bf-4a96-9a85-a6e23a8c635c,.NET Core 3.1,False,True,False,True,Default,Default,False,False,False,Default,Default,Default,Default,Default,Default,Default,1,Default,Default,Default,Default,Default,Default,Default,Default,16,Default,490.2 ms,1.24 ms,1.16 ms,490.4 ms
Rest3GetMediumPayloadAsync,DefaultJob,False,Default,Default,Default,Default,Default,Default,111111111111,Empty,RyuJit,X64,8c5e7fda-e8bf-4a96-9a85-a6e23a8c635c,.NET Core 3.1,False,True,False,True,Default,Default,False,False,False,Default,Default,Default,Default,Default,Default,Default,1,Default,Default,Default,Default,Default,Default,Default,Default,16,Default,410.6 ms,1.63 ms,1.45 ms,410.1 ms
GrpcGetLargePayloadAsync,DefaultJob,False,Default,Default,Default,Default,Default,Default,111111111111,Empty,RyuJit,X64,8c5e7fda-e8bf-4a96-9a85-a6e23a8c635c,.NET Core 3.1,False,True,False,True,Default,Default,False,False,False,Default,Default,Default,Default,Default,Default,Default,1,Default,Default,Default,Default,Default,Default,Default,Default,16,Default,106.8 ms,2.12 ms,3.94 ms,105.0 ms
Rest2GetLargePayloadAsync,DefaultJob,False,Default,Default,Default,Default,Default,Default,111111111111,Empty,RyuJit,X64,8c5e7fda-e8bf-4a96-9a85-a6e23a8c635c,.NET Core 3.1,False,True,False,True,Default,Default,False,False,False,Default,Default,Default,Default,Default,Default,Default,1,Default,Default,Default,Default,Default,Default,Default,Default,16,Default,452.4 ms,1.18 ms,1.04 ms,452.1 ms
Rest3GetLargePayloadAsync,DefaultJob,False,Default,Default,Default,Default,Default,Default,111111111111,Empty,RyuJit,X64,8c5e7fda-e8bf-4a96-9a85-a6e23a8c635c,.NET Core 3.1,False,True,False,True,Default,Default,False,False,False,Default,Default,Default,Default,Default,Default,Default,1,Default,Default,Default,Default,Default,Default,Default,Default,16,Default,383.3 ms,2.28 ms,2.02 ms,383.7 ms
GrpcStreamLargePayloadAsync,DefaultJob,False,Default,Default,Default,Default,Default,Default,111111111111,Empty,RyuJit,X64,8c5e7fda-e8bf-4a96-9a85-a6e23a8c635c,.NET Core 3.1,False,True,False,True,Default,Default,False,False,False,Default,Default,Default,Default,Default,Default,Default,1,Default,Default,Default,Default,Default,Default,Default,Default,16,Default,651.9 ms,12.51 ms,13.38 ms,649.0 ms
Rest2StreamLargePayloadAsync,DefaultJob,False,Default,Default,Default,Default,Default,Default,111111111111,Empty,RyuJit,X64,8c5e7fda-e8bf-4a96-9a85-a6e23a8c635c,.NET Core 3.1,False,True,False,True,Default,Default,False,False,False,Default,Default,Default,Default,Default,Default,Default,1,Default,Default,Default,Default,Default,Default,Default,Default,16,Default,888.0 ms,6.24 ms,5.83 ms,889.4 ms
Rest3StreamLargePayloadAsync,DefaultJob,False,Default,Default,Default,Default,Default,Default,111111111111,Empty,RyuJit,X64,8c5e7fda-e8bf-4a96-9a85-a6e23a8c635c,.NET Core 3.1,False,True,False,True,Default,Default,False,False,False,Default,Default,Default,Default,Default,Default,Default,1,Default,Default,Default,Default,Default,Default,Default,Default,16,Default,736.8 ms,2.28 ms,1.90 ms,737.0 ms
